Rk,Year,Player,Pos,Age,AV,School,College,Height,Wt,40YD,Vertical,BenchReps,Broad Jump,3Cone,Shuttle,Drafted (tm/rnd/yr)
1,2019,Darius Slayton\SlayDa01,WR,22,,Auburn,College Stats,6-1,190,4.39,40.5,11,135,7.00,4.15,New York Giants / 5th / 171st pick / 2019
2,2019,Deebo Samuel\SamuDe00,WR,23,,South Carolina,College Stats,5-11,214,4.48,39.0,15,122,7.03,4.14,San Francisco 49ers / 2nd / 36th pick / 2019
3,2019,Hunter Renfrow\RenfHu00,WR,23,,Clemson,College Stats,5-10,184,4.59,35.0,7,116,6.80,4.19,Oakland Raiders / 5th / 149th pick / 2019
4,2019,D.K. Metcalf\MetcDK00,WR,21,,Mississippi,College Stats,6-3,228,4.33,40.5,27,134,7.38,4.50,Seattle Seahawks / 2nd / 64th pick / 2019
5,2019,Terry McLaurin\McLaTe00,WR,22,,Ohio St.,College Stats,6-0,208,4.35,37.5,18,125,7.01,4.15,Washington Redskins / 3rd / 76th pick / 2019
6,2019,Bisi Johnson\JohnOl00,WR,21,,Colorado St.,College Stats,6-0,204,4.51,38.0,14,124,6.88,4.16,Minnesota Vikings / 7th / 247th pick / 2019
7,2019,Keesean Johnson\JohnKe07,WR,22,,Fresno St.,College Stats,6-1,201,4.60,30.0,14,117,7.28,4.23,Arizona Cardinals / 6th / 174th pick / 2019
8,2019,Diontae Johnson\JohnDi01,WR,22,,Toledo,College Stats,5-10,183,4.53,33.5,15,123,7.09,4.45,Pittsburgh Steelers / 3rd / 66th pick / 2019
9,2019,Anthony Johnson\JohnAn05,WR,,0,Buffalo,College Stats,6-2,209,,32.5,18,122,7.12,,
10,2019,Andy Isabella\IsabAn00,WR,22,,Massachusetts,College Stats,5-9,188,4.31,36.5,15,121,6.95,4.15,Arizona Cardinals / 2nd / 62nd pick / 2019
11,2019,Kelvin Harmon\HarmKe00,WR,22,,North Carolina St.,College Stats,6-2,221,4.60,32.5,18,117,7.15,4.32,Washington Redskins / 6th / 206th pick / 2019
12,2019,Mecole Hardman\HardMe00,WR,20,,Georgia,College Stats,5-10,187,4.33,36.5,17,119,,,Kansas City Chiefs / 2nd / 56th pick / 2019
13,2019,Parris Campbell\CampPa00,WR,21,,Ohio St.,College Stats,6-0,205,4.31,40.0,11,135,,4.03,Indianapolis Colts / 2nd / 59th pick / 2019
14,2019,Marquise Brown\BrowMa04,WR,21,,Oklahoma,College Stats,5-9,166,,,,,,,Baltimore Ravens / 1st / 25th pick / 2019
15,2019,A.J. Brown\BrowAJ00,WR,21,,Mississippi,College Stats,6-0,226,4.49,36.5,19,120,,,Tennessee Titans / 2nd / 51st pick / 2019
16,2019,Miles Boykin\BoykMi00,WR,22,,Notre Dame,College Stats,6-4,220,4.42,43.5,12,140,6.77,4.07,Baltimore Ravens / 3rd / 93rd pick / 2019
17,2019,J.J. Arcega-Whiteside\ArceJJ00,WR,22,,Stanford,College Stats,6-2,225,,,,,,,Philadelphia Eagles / 2nd / 57th pick / 2019
18,2018,Javon Wims\WimsJa00,WR,23,0,Georgia,College Stats,6-3,215,4.53,33.5,,113,7.00,,Chicago Bears / 7th / 224th pick / 2018
19,2018,Cedrick Wilson\WilsCe01,WR,22,,Boise St.,College Stats,6-2,197,4.55,37.0,9,121,6.89,4.23,Dallas Cowboys / 6th / 208th pick / 2018
20,2018,James Washington\WashJa00,WR,21,2,Oklahoma St.,College Stats,5-11,213,4.54,34.5,14,120,7.11,4.32,Pittsburgh Steelers / 2nd / 60th pick / 2018
21,2018,Marquez Valdes-Scantling\ValdMa00,WR,23,4,South Florida,College Stats,6-4,206,4.37,30.5,15,124,,,Green Bay Packers / 5th / 174th pick / 2018
22,2018,Auden Tate\TateAu00,WR,21,0,Florida St.,College Stats,6-5,228,4.68,31.0,,112,,,Cincinnati Bengals / 7th / 253rd pick / 2018
23,2018,Courtland Sutton\SuttCo00,WR,22,5,SMU,College Stats,6-3,218,4.54,35.5,18,124,6.57,4.11,Denver Broncos / 2nd / 40th pick / 2018
24,2018,Equanimeous St. brown\St.BEq00,WR,21,2,Notre Dame,College Stats,6-5,214,4.48,,20,,,,Green Bay Packers / 6th / 207th pick / 2018
25,2018,Jaleel Scott\ScotJa02,WR,23,,New Mexico St.,College Stats,6-5,218,4.56,34.5,16,124,7.20,4.40,Baltimore Ravens / 4th / 132nd pick / 2018
26,2018,Calvin Ridley\RidlCa00,WR,23,7,Alabama,College Stats,6-0,189,4.43,31.0,15,110,6.88,4.41,Atlanta Falcons / 1st / 26th pick / 2018
27,2018,Trey Quinn\QuinTr00,WR,22,1,SMU,College Stats,5-11,203,4.55,33.5,17,116,6.91,4.19,Washington Redskins / 7th / 256th pick / 2018
28,2018,Byron Pringle\PrinBy00,WR,24,,Kansas St.,College Stats,6-1,203,4.46,33.5,15,120,6.87,4.40,
29,2018,Cam Phillips\PhilCa01,WR,22,0,Virginia Tech,College Stats,6-0,201,,,,,,,
30,2018,Dante Pettis\PettDa00,WR,22,3,Washington,College Stats,6-0,186,,,,,,,San Francisco 49ers / 2nd / 44th pick / 2018
31,2018,D.J. Moore\MoorD.00,WR,20,8,Maryland,College Stats,6-0,210,4.42,39.5,15,132,6.95,4.07,Carolina Panthers / 1st / 24th pick / 2018
32,2018,Anthony Miller\MillAn02,WR,23,4,Memphis,College Stats,5-11,201,,,22,,,,Chicago Bears / 2nd / 51st pick / 2018
33,2018,Ray-ray McCloud\McClRa00,WR,21,0,Clemson,College Stats,5-9,190,4.53,34.5,13,113,,,Buffalo Bills / 6th / 187th pick / 2018
34,2018,Allen Lazard\LazaAl00,WR,22,0,Iowa St.,College Stats,6-5,227,4.55,38.0,17,122,,,
35,2018,Christian Kirk\KirkCh01,WR,21,4,Texas A&M,College Stats,5-10,201,4.47,35.5,20,115,7.09,4.45,Arizona Cardinals / 2nd / 47th pick / 2018
36,2018,Quadree Henderson\HendQu00,WR,21,0,Pittsburgh,College Stats,5-8,192,4.50,32.5,12,120,6.89,4.28,
37,2018,Daesean Hamilton\HamiDa01,WR,22,2,Penn St.,College Stats,6-1,203,,34.5,,118,6.84,4.15,Denver Broncos / 4th / 113th pick / 2018
38,2018,Michael Gallup\GallMi00,WR,21,4,Colorado St.,College Stats,6-1,205,4.51,36.0,10,122,6.95,4.37,Dallas Cowboys / 3rd / 81st pick / 2018
39,2018,Keke Coutee\CoutKe00,WR,21,2,Texas Tech,College Stats,5-10,181,4.43,34.5,14,113,6.93,4.15,Houston Texans / 4th / 103rd pick / 2018
40,2018,Antonio Callaway\CallAn00,WR,21,4,Florida,College Stats,5-11,200,4.41,34.0,,121,,,Cleveland Browns / 4th / 105th pick / 2018
41,2018,Deon Cain\CainDe00,WR,21,,Clemson,College Stats,6-2,202,4.43,33.5,11,115,6.71,4.37,Indianapolis Colts / 6th / 185th pick / 2018
42,2018,Deontay Burnett\BurnDe00,WR,20,1,USC,College Stats,6-0,186,,,,,,,
43,2018,Braxton Berrios\BerrBr00,WR,22,,Miami (FL),College Stats,5-9,184,,,11,,,,New England Patriots / 6th / 210th pick / 2018
44,2018,Marcell Ateman\AtemMa00,WR,23,1,Oklahoma St.,College Stats,6-4,216,4.62,34.0,13,121,7.07,4.25,Oakland Raiders / 7th / 228th pick / 2018
45,2017,Jesus Wilson\WilsJe00,WR,22,0,Florida St.,College Stats,5-9,189,4.57,,10,119,,4.57,
46,2017,Mike Williams\WillMi07,WR,22,7,Clemson,College Stats,6-4,218,,32.5,15,121,,,Los Angeles Chargers / 1st / 7th pick / 2017
47,2017,Dede Westbrook\WestDe00,WR,23,9,Oklahoma,College Stats,6-0,178,,,,,,,Jacksonville Jaguars / 4th / 110th pick / 2017
48,2017,Trent Taylor\TaylTr02,WR,22,5,Louisiana Tech,College Stats,5-8,181,4.63,33.0,13,117,6.74,4.01,San Francisco 49ers / 5th / 177th pick / 2017
49,2017,Taywan Taylor\TaylTa00,WR,22,6,Western Kentucky,College Stats,5-11,203,4.50,33.5,13,132,6.57,4.21,Tennessee Titans / 3rd / 72nd pick / 2017
50,2017,Ryan Switzer\SwitRy00,WR,22,3,North Carolina,College Stats,5-8,181,4.51,32.0,11,116,6.77,4.00,Dallas Cowboys / 4th / 133rd pick / 2017
51,2017,ArDarius Stewart\StewAr00,WR,23,1,Alabama,College Stats,5-11,204,4.49,34.0,,124,,,New York Jets / 3rd / 79th pick / 2017
52,2017,JuJu Smith-Schuster\SmitJu00,WR,20,21,USC,College Stats,6-1,215,4.54,32.5,15,120,,,Pittsburgh Steelers / 2nd / 62nd pick / 2017
53,2017,Ricky Seals-Jones\SealRi00,WR,21,3,Texas A&M,College Stats,6-5,243,4.69,28.0,17,121,7.46,4.33,
54,2017,Curtis Samuel\SamuCu00,WR,20,7,Ohio St.,College Stats,5-11,196,4.31,37.0,18,119,7.09,4.33,Carolina Panthers / 2nd / 40th pick / 2017
55,2017,Travis Rudolph\RudoTr00,WR,21,1,Florida St.,College Stats,6-0,189,4.65,31.5,12,114,6.93,4.46,
56,2017,John Ross\RossJo00,WR,22,2,Washington,College Stats,5-11,188,4.22,37.0,,133,,,Cincinnati Bengals / 1st / 9th pick / 2017
57,2017,Josh Reynolds\ReynJo00,WR,22,5,Texas A&M,College Stats,6-3,194,4.52,37.0,,124,6.83,4.13,Los Angeles Rams / 4th / 117th pick / 2017
58,2017,Zach Pascal\PascZa00,WR,22,3,Old Dominion,College Stats,6-2,219,4.55,36.0,14,126,7.11,4.29,
59,2017,Isaiah McKenzie\McKeIs00,WR,21,2,Georgia,College Stats,5-7,173,4.42,36.0,11,123,6.64,4.15,Denver Broncos / 5th / 172nd pick / 2017
60,2017,Josh Malone\MaloJo00,WR,20,1,Tennessee,College Stats,6-3,208,4.40,30.5,10,121,7.05,4.19,Cincinnati Bengals / 4th / 128th pick / 2017
61,2017,Cooper Kupp\KuppCo00,WR,23,15,East. Washington,,6-2,204,4.62,31.0,,116,6.75,4.08,Los Angeles Rams / 3rd / 69th pick / 2017
62,2017,Zay Jones\JoneZa00,WR,21,8,East Carolina,,6-2,201,4.45,36.5,15,133,6.79,4.01,Buffalo Bills / 2nd / 37th pick / 2017
63,2017,Mack Hollins\HollMa00,WR,23,2,North Carolina,College Stats,6-4,221,4.53,,,,,,Philadelphia Eagles / 4th / 118th pick / 2017
64,2017,Keon Hatcher\HatcKe00,WR,22,0,Arkansas,College Stats,6-1,212,4.64,,16,,,,
65,2017,Chad Hansen\HansCh00,WR,22,1,California,College Stats,6-2,202,4.53,35.0,11,119,6.74,4.13,New York Jets / 4th / 141st pick / 2017
66,2017,Kenny Golladay\GollKe00,WR,23,12,Northern Illinois,College Stats,6-4,218,4.50,35.5,18,120,7.00,4.15,Detroit Lions / 3rd / 96th pick / 2017
67,2017,Chris Godwin\GodwCh00,WR,21,10,Penn St.,College Stats,6-1,209,4.42,36.0,19,126,7.01,4.00,Tampa Bay Buccaneers / 3rd / 84th pick / 2017
68,2017,Shelton Gibson\GibsSh00,WR,21,0,West Virginia,College Stats,5-11,191,4.50,32.0,8,118,6.83,4.20,Philadelphia Eagles / 5th / 166th pick / 2017
69,2017,Isaiah Ford\FordIs00,WR,21,0,Virginia Tech,College Stats,6-1,194,4.61,35.5,14,127,6.94,4.34,Miami Dolphins / 7th / 237th pick / 2017
70,2017,Malachi Dupre\DuprMa01,WR,21,0,LSU,College Stats,6-2,196,4.52,39.5,11,135,7.19,4.26,Green Bay Packers / 7th / 247th pick / 2017
71,2017,Robert Davis\DaviRo00,WR,21,0,Georgia St.,College Stats,6-3,219,4.44,41.0,19,136,6.82,4.28,Washington Redskins / 6th / 209th pick / 2017
72,2017,Corey Davis\DaviCo03,WR,22,10,West. Michigan,College Stats,6-3,209,,,,,,,Tennessee Titans / 1st / 5th pick / 2017
73,2017,Amara Darboh\DarbAm00,WR,23,1,Michigan,College Stats,6-2,214,4.45,36.0,17,124,,,Seattle Seahawks / 3rd / 106th pick / 2017
74,2017,Stacy Coley\ColeSt00,WR,22,0,Miami (FL),College Stats,6-1,195,4.45,34.0,10,122,,,Minnesota Vikings / 7th / 219th pick / 2017
75,2017,Jehu Chesson\ChesJe00,WR,23,0,Michigan,College Stats,6-3,204,4.47,35.5,10,132,6.70,4.09,Kansas City Chiefs / 4th / 139th pick / 2017
76,2017,Noah Brown\BrowNo00,WR,21,0,Ohio St.,College Stats,6-2,222,,,19,,7.07,4.33,Dallas Cowboys / 7th / 239th pick / 2017
77,2017,Quincy Adeboyejo\AdebQu00,WR,21,0,Mississippi,College Stats,6-3,197,4.42,34.5,8,123,6.73,4.14,
78,2017,Rodney Adams\AdamRo01,WR,22,0,South Florida,College Stats,6-1,189,4.44,29.5,8,125,6.98,4.28,Minnesota Vikings / 5th / 170th pick / 2017
79,2016,Laquon Treadwell\TreaLa00,WR,20,4,Mississippi,College Stats,6-2,221,4.52,33.0,12,117,,,Minnesota Vikings / 1st / 23rd pick / 2016
80,2016,Michael Thomas\ThomMi05,WR,23,40,Ohio St.,College Stats,6-3,212,4.57,35.0,18,126,6.80,4.13,New Orleans Saints / 2nd / 47th pick / 2016
81,2016,Sterling Shepard\ShepSt00,WR,23,17,Oklahoma,College Stats,5-10,194,4.48,41.0,20,123,7.00,4.35,New York Giants / 2nd / 40th pick / 2016
82,2016,Tajae Sharpe\SharTa00,WR,21,8,Massachusetts,College Stats,6-2,194,4.55,33.5,11,114,,,Tennessee Titans / 5th / 140th pick / 2016
83,2016,Hunter Sharp\SharHu01,WR,21,0,Utah St.,College Stats,5-11,198,4.58,32.5,12,116,7.12,4.19,
84,2016,Rashawn Scott\ScotRa01,WR,24,0,Miami (FL),College Stats,6-1,199,4.54,32.5,17,116,,,
85,2016,Alonzo Russell\RussAl01,WR,23,0,Toledo,College Stats,6-4,206,4.54,29.5,12,112,7.18,4.33,
86,2016,Demarcus Robinson\RobiDe01,WR,21,5,Florida,College Stats,6-1,203,4.59,34.5,,123,6.77,4.19,Kansas City Chiefs / 4th / 126th pick / 2016
87,2016,Charone Peake\PeakCh00,WR,23,1,Clemson,College Stats,6-2,209,4.45,35.5,12,122,6.96,4.46,New York Jets / 7th / 241st pick / 2016
88,2016,Jordan Payton\PaytJo00,WR,22,0,UCLA,College Stats,6-1,207,4.47,34.5,,121,7.08,4.33,Cleveland Browns / 5th / 154th pick / 2016
89,2016,Chris Moore\MoorCh00,WR,22,4,Cincinnati,College Stats,6-1,206,4.53,37.0,10,130,6.76,4.20,Baltimore Ravens / 4th / 107th pick / 2016
90,2016,Malcolm Mitchell\MitcMa01,WR,23,4,Georgia,College Stats,6-0,198,4.45,36.0,15,129,6.94,4.34,New England Patriots / 4th / 112th pick / 2016
91,2016,Braxton Miller\MillBr03,WR,23,2,Ohio St.,College Stats,6-1,201,4.50,35.0,17,123,6.65,4.07,Houston Texans / 3rd / 85th pick / 2016
92,2016,Jalin Marshall\MarsJa01,WR,20,1,Ohio St.,College Stats,5-10,200,4.60,37.5,16,125,6.80,4.13,
93,2016,Byron Marshall\MarsBy01,WR,22,0,Oregon,College Stats,5-9,201,4.42,,17,,,,
94,2016,Ricardo Louis\LouiRi00,WR,21,3,Auburn,College Stats,6-2,215,4.43,38.0,18,132,,,Cleveland Browns / 4th / 114th pick / 2016
95,2016,Rashard Higgins\HiggRa00,WR,21,6,Colorado St.,College Stats,6-1,196,4.64,32.0,13,116,,,Cleveland Browns / 5th / 172nd pick / 2016
96,2016,Will Fuller\FullWi01,WR,21,13,Notre Dame,College Stats,6-0,186,4.32,33.5,10,126,6.93,4.27,Houston Texans / 1st / 21st pick / 2016
97,2016,D.J. Foster\FostD.01,WR,22,1,Arizona St.,College Stats,5-10,193,4.57,35.5,14,117,6.75,4.07,
98,2016,Josh Doctson\DoctJo00,WR,23,9,TCU,College Stats,6-2,202,4.50,41.0,14,131,6.84,4.08,Washington Redskins / 1st / 22nd pick / 2016
99,2016,Trevor Davis\DaviTr03,WR,22,1,California,College Stats,6-1,188,4.42,38.5,11,124,6.60,4.22,Green Bay Packers / 5th / 163rd pick / 2016
100,2016,Cody Core\CoreCo00,WR,21,3,Mississippi,College Stats,6-3,205,4.47,31.5,14,119,,,Cincinnati Bengals / 6th / 199th pick / 2016
101,2016,Pharoh Cooper\CoopPh00,WR,21,3,South Carolina,College Stats,5-11,203,4.52,31.0,15,115,,,Los Angeles Rams / 4th / 117th pick / 2016
102,2016,Corey Coleman\ColeCo00,WR,21,6,Baylor,College Stats,5-11,194,4.42,40.5,17,129,,,Cleveland Browns / 1st / 15th pick / 2016
103,2016,Leonte Carroo\CarrLe00,WR,22,2,Rutgers,College Stats,6-0,211,4.50,35.5,14,120,,,Miami Dolphins / 3rd / 86th pick / 2016
104,2016,Aaron Burbridge\BurbAa00,WR,22,1,Michigan St.,College Stats,6-0,206,4.56,30.5,20,115,7.22,4.31,San Francisco 49ers / 6th / 213th pick / 2016
105,2016,Tyler Boyd\BoydTy00,WR,21,16,Pittsburgh,College Stats,6-1,197,4.58,34.0,11,119,6.90,4.35,Cincinnati Bengals / 2nd / 55th pick / 2016
106,2016,Demarcus Ayers\AyerDe00,WR,21,0,Houston,College Stats,5-9,182,4.72,33.0,,123,,,Pittsburgh Steelers / 7th / 229th pick / 2016
107,2016,Geronimo Allison\AlliGe01,WR,22,6,Illinois,College Stats,6-3,196,4.67,33.0,,127,7.40,4.28,
108,2016,Bralon Addison\AddiBr01,WR,22,0,Oregon,College Stats,5-9,197,4.66,34.5,13,116,6.95,4.14,
109,2015,Kevin White\WhitKe00,WR,22,2,West Virginia,College Stats,6-3,215,4.35,36.5,23,123,6.92,4.14,Chicago Bears / 1st / 7th pick / 2015
110,2015,DeAndrew White\WhitDe01,WR,23,0,Alabama,College Stats,5-11,193,4.44,34.5,,118,6.97,4.18,
111,2015,Darren Waller\WallDa01,WR,22,2,Georgia Tech,College Stats,6-6,238,4.46,37.0,12,125,7.07,4.25,Baltimore Ravens / 6th / 204th pick / 2015
112,2015,Jaelen Strong\StroJa01,WR,21,2,Arizona St.,College Stats,6-2,217,4.44,42.0,,123,,,Houston Texans / 3rd / 70th pick / 2015
113,2015,Devin Smith\SmitDe04,WR,23,1,Ohio St.,College Stats,6-0,196,4.42,39.0,10,122,,4.15,New York Jets / 2nd / 37th pick / 2015
114,2015,DeAndre Smelter\SmelDe00,WR,23,0,Georgia Tech,College Stats,6-2,226,4.52,,,,,,San Francisco 49ers / 4th / 132nd pick / 2015
115,2015,Breshad Perriman\PerrBr02,WR,21,6,Central Florida,College Stats,6-2,212,,,,,,,Baltimore Ravens / 1st / 26th pick / 2015
116,2015,DeVante Parker\ParkDe01,WR,22,16,Louisville,College Stats,6-3,209,4.45,36.5,17,125,,,Miami Dolphins / 1st / 14th pick / 2015
117,2015,J.J. Nelson\NelsJJ00,WR,22,12,Ala-Birmingham,,5-10,156,4.28,36.0,,127,7.02,4.15,Arizona Cardinals / 5th / 159th pick / 2015
118,2015,Keith Mumphery\MumpKe00,WR,22,2,Michigan St.,College Stats,6-0,215,4.54,32.5,,121,7.07,4.25,Houston Texans / 5th / 175th pick / 2015
119,2015,Ty Montgomery\MontTy01,WR,22,15,Stanford,College Stats,6-0,221,4.55,40.5,,121,6.97,4.21,Green Bay Packers / 3rd / 94th pick / 2015
120,2015,Tre McBride\McBrTr00,WR,22,1,William & Mary,,6-0,210,4.41,38.0,16,122,6.96,4.08,Tennessee Titans / 7th / 245th pick / 2015
121,2015,Vince Mayle\MaylVi00,WR,23,0,Washington St.,College Stats,6-2,224,4.67,35.5,,117,6.93,4.13,Cleveland Browns / 4th / 123rd pick / 2015
122,2015,Tyler Lockett\LockTy00,WR,22,31,Kansas St.,College Stats,5-10,182,4.40,35.5,,121,6.89,4.07,Seattle Seahawks / 3rd / 69th pick / 2015
123,2015,Tony Lippett\LippTo00,WR,22,6,Michigan St.,College Stats,6-2,192,4.61,36.0,10,114,6.92,4.13,Miami Dolphins / 5th / 156th pick / 2015
124,2015,Justin Hardy\HardJu00,WR,23,7,East Carolina,College Stats,5-10,192,4.56,36.5,11,114,6.63,4.21,Atlanta Falcons / 4th / 107th pick / 2015
125,2015,Rannell Hall\HallRa02,WR,22,0,Central Florida,College Stats,6-0,198,4.60,41.0,16,132,6.86,4.15,
126,2015,Rashad Greene\GreeRa00,WR,22,2,Florida St.,College Stats,5-11,182,4.53,36.5,,122,6.88,4.12,Jacksonville Jaguars / 5th / 139th pick / 2015
127,2015,Dorial Green-Beckham\GreeDo00,WR,21,7,Oklahoma,College Stats,6-5,237,4.49,33.5,13,119,6.89,4.45,Tennessee Titans / 2nd / 40th pick / 2015
128,2015,Devin Funchess\FuncDe00,WR,20,21,Michigan,College Stats,6-4,232,4.70,38.5,17,122,,,Carolina Panthers / 2nd / 41st pick / 2015
129,2015,Phillip Dorsett\DorsPh00,WR,22,12,Miami (FL),College Stats,5-10,185,4.33,37.0,13,122,6.70,4.11,Indianapolis Colts / 1st / 29th pick / 2015
130,2015,Stefon Diggs\DiggSt00,WR,21,32,Maryland,College Stats,6-0,195,4.46,35.0,,115,7.03,4.32,Minnesota Vikings / 5th / 146th pick / 2015
131,2015,Geremy Davis\DaviGe00,WR,23,0,Connecticut,College Stats,6-2,216,4.49,36.5,23,124,6.86,4.18,New York Giants / 6th / 186th pick / 2015
132,2015,Jamison Crowder\CrowJa00,WR,21,22,Duke,College Stats,5-8,185,4.56,37.0,10,115,7.17,4.32,Washington Redskins / 4th / 105th pick / 2015
133,2015,Amari Cooper\CoopAm00,WR,20,33,Alabama,College Stats,6-1,211,4.42,33.0,,120,6.71,3.98,Oakland Raiders / 1st / 4th pick / 2015
134,2015,Chris Conley\ConlCh00,WR,22,13,Georgia,College Stats,6-2,213,4.35,45.0,18,139,7.06,4.30,Kansas City Chiefs / 3rd / 76th pick / 2015
135,2015,Sammie Coates\CoatSa00,WR,21,4,Auburn,College Stats,6-1,212,4.43,41.0,23,131,6.98,4.06,Pittsburgh Steelers / 3rd / 87th pick / 2015
136,2015,Kaelin Clay\ClayKa00,WR,23,3,Utah,College Stats,5-10,195,4.51,33.0,10,113,6.97,4.26,Tampa Bay Buccaneers / 6th / 184th pick / 2015
137,2015,Mario Alford\AlfoMa00,WR,23,0,West Virginia,College Stats,5-8,180,4.43,34.0,13,121,6.64,4.07,Cincinnati Bengals / 7th / 238th pick / 2015
138,2015,Nelson Agholor\AghoNe00,WR,21,19,USC,College Stats,6-0,198,4.42,,12,,,,Philadelphia Eagles / 1st / 20th pick / 2015
139,2014,Albert Wilson\WilsAl02,WR,21,20,Georgia St.,College Stats,5-9,202,4.43,37.5,10,123,7.00,4.21,
140,2014,Sammy Watkins\WatkSa00,WR,20,33,Clemson,College Stats,6-1,211,4.43,34.0,16,126,6.95,4.34,Buffalo Bills / 1st / 4th pick / 2014
141,2014,L'Damian Washington\WashLD01,WR,22,,Missouri,College Stats,6-4,195,4.46,32.0,8,115,7.19,4.35,
142,2014,Devin Street\StreDe00,WR,22,1,Pittsburgh,College Stats,6-3,198,4.55,37.0,,124,6.89,4.01,Dallas Cowboys / 5th / 146th pick / 2014
143,2014,Josh Stewart\StewJo04,WR,21,,Oklahoma St.,College Stats,5-10,178,4.69,35.0,11,117,7.10,4.33,
144,2014,Willie Snead\SneaWi00,WR,21,23,Ball St.,College Stats,5-11,195,4.62,33.5,11,113,7.19,4.39,
145,2014,Jalen Saunders\SaunJa00,WR,21,0,Oklahoma,College Stats,5-9,165,4.44,34.0,,122,,,New York Jets / 4th / 104th pick / 2014
146,2014,Allen Robinson\RobiAl02,WR,20,27,Penn St.,College Stats,6-3,220,4.60,39.0,,127,7.00,4.00,Jacksonville Jaguars / 2nd / 61st pick / 2014
147,2014,Paul Richardson\RichPa01,WR,21,13,Colorado,College Stats,6-0,175,4.40,38.0,,124,7.09,,Seattle Seahawks / 2nd / 45th pick / 2014
148,2014,Tevin Reese\ReesTe00,WR,23,,Baylor,College Stats,5-10,163,4.46,41.0,,132,6.63,4.18,San Diego Chargers / 7th / 240th pick / 2014
149,2014,Kevin Norwood\NorwKe00,WR,24,1,Alabama,College Stats,6-2,198,4.48,33.0,8,121,6.68,4.32,Seattle Seahawks / 4th / 123rd pick / 2014
150,2014,Donte Moncrief\MoncDo00,WR,20,20,Mississippi,College Stats,6-2,221,4.40,39.5,13,132,7.02,4.30,Indianapolis Colts / 3rd / 90th pick / 2014
151,2014,Jordan Matthews\MattJo00,WR,21,25,Vanderbilt,College Stats,6-3,212,4.46,35.5,21,120,6.95,4.18,Philadelphia Eagles / 2nd / 42nd pick / 2014
152,2014,Marcus Lucas\LucaMa01,WR,22,,Missouri,College Stats,6-4,218,4.60,36.0,20,124,7.07,4.25,
153,2014,Marqise Lee\LeexMa00,WR,22,18,USC,College Stats,6-0,192,4.52,38.0,,127,,4.01,Jacksonville Jaguars / 2nd / 39th pick / 2014
154,2014,Cody Latimer\LatiCo00,WR,21,4,Indiana,College Stats,6-2,215,4.52,,23,,,,Denver Broncos / 2nd / 56th pick / 2014
155,2014,Jarvis Landry\LandJa00,WR,21,40,LSU,College Stats,5-11,205,4.65,28.5,12,110,,,Miami Dolphins / 2nd / 63rd pick / 2014
156,2014,Jeff Janis\JaniJe00,WR,22,2,Saginaw Valley St.,,6-3,219,4.42,37.5,20,123,6.64,3.98,Green Bay Packers / 7th / 236th pick / 2014
157,2014,Allen Hurns\HurnAl01,WR,22,22,Miami (FL),College Stats,6-1,198,4.55,31.0,14,120,7.23,4.50,
158,2014,Josh Huff\HuffJo00,WR,22,6,Oregon,College Stats,5-11,206,4.51,35.5,14,116,,,Philadelphia Eagles / 3rd / 86th pick / 2014
159,2014,Robert Herron\HerrRo00,WR,21,0,Wyoming,College Stats,5-9,193,4.48,35.5,18,125,6.84,4.27,Tampa Bay Buccaneers / 6th / 185th pick / 2014
160,2014,Matt Hazel\HazeMa01,WR,22,0,Coastal Carolina,,6-1,198,4.50,36.5,15,118,7.08,4.20,Miami Dolphins / 6th / 190th pick / 2014
161,2014,Ryan Grant\GranRy01,WR,23,10,Tulane,College Stats,6-0,199,4.64,35.5,8,119,6.68,4.11,Washington Redskins / 5th / 142nd pick / 2014
162,2014,Bennie Fowler\FowlBe00,WR,22,6,Michigan St.,College Stats,6-1,217,4.52,36.0,,126,7.06,4.18,
163,2014,Shaquelle Evans\EvanSh00,WR,23,,UCLA,College Stats,6-1,213,4.51,34.5,13,122,7.07,4.21,New York Jets / 4th / 115th pick / 2014
164,2014,Mike Evans\EvanMi00,WR,20,46,Texas A&M,College Stats,6-5,231,4.53,37.0,12,,7.08,4.26,Tampa Bay Buccaneers / 1st / 7th pick / 2014
165,2014,Quincy Enunwa\EnunQu00,WR,21,13,Nebraska,College Stats,6-2,225,4.41,,19,,,,New York Jets / 6th / 209th pick / 2014
166,2014,Bruce Ellington\ElliBr00,WR,22,7,South Carolina,College Stats,5-9,197,4.45,39.5,15,120,6.69,3.95,San Francisco 49ers / 4th / 106th pick / 2014
167,2014,Damian Copeland\CopeDa00,WR,23,,Louisville,College Stats,5-11,184,4.50,40.0,12,120,6.53,3.90,
168,2014,Brandin Cooks\CookBr00,WR,20,51,Oregon St.,College Stats,5-10,189,4.33,36.0,16,120,6.76,3.81,New Orleans Saints / 1st / 20th pick / 2014
169,2014,Kain Colter\ColtKa00,WR,23,,Northwestern,College Stats,5-10,198,4.71,,,,,,
170,2014,Brandon Coleman\ColeBr00,WR,21,10,Rutgers,College Stats,6-6,225,4.56,32.5,21,,7.33,4.51,
171,2014,Michael Campanaro\CampMi02,WR,23,4,Wake Forest,College Stats,5-9,192,4.46,39.0,20,122,6.77,4.01,Baltimore Ravens / 7th / 218th pick / 2014
172,2014,Trey Burton\BurtTr01,WR,22,10,Florida,College Stats,6-2,224,4.62,30.0,,112,7.14,4.32,
173,2014,Isaiah Burse\BursIs01,WR,22,0,Fresno St.,College Stats,5-10,188,4.58,31.0,16,115,6.74,3.94,
174,2014,Martavis Bryant\BryaMa00,WR,22,20,Clemson,College Stats,6-4,211,4.42,39.0,16,124,7.18,4.15,Pittsburgh Steelers / 4th / 118th pick / 2014
175,2014,Corey Brown\BrowPh00,WR,22,11,Ohio St.,College Stats,5-11,178,4.51,33.0,,116,7.16,4.22,
176,2014,John Brown\BrowJo02,WR,23,27,Pittsburg St.,,5-10,179,4.34,36.5,,119,6.91,4.12,Arizona Cardinals / 3rd / 91st pick / 2014
177,2014,Chris Boyd\BoydCh00,WR,22,,Vanderbilt,College Stats,6-4,206,4.73,,12,,,,
178,2014,Kelvin Benjamin\BenjKe00,WR,23,23,Florida St.,College Stats,6-5,240,4.61,32.5,13,119,7.33,4.39,Carolina Panthers / 1st / 28th pick / 2014
179,2014,Odell Beckham Jr.\BeckOd00,WR,21,45,LSU,College Stats,5-11,198,4.38,38.5,7,122,6.69,3.94,New York Giants / 1st / 12th pick / 2014
180,2014,Dri Archer\ArchDr00,WR,22,0,Kent St.,College Stats,5-8,173,4.26,38.0,20,122,6.86,4.06,Pittsburgh Steelers / 3rd / 97th pick / 2014
181,2014,Davante Adams\AdamDa01,WR,21,37,Fresno St.,College Stats,6-1,212,4.56,39.5,14,123,6.82,4.30,Green Bay Packers / 2nd / 53rd pick / 2014
182,2014,Jared Abbrederis\AbbrJa00,WR,23,1,Wisconsin,College Stats,6-1,195,4.50,30.5,4,117,6.80,4.08,Green Bay Packers / 5th / 176th pick / 2014
183,2013,Robert Woods\WoodRo02,WR,20,42,USC,College Stats,6-0,201,4.51,33.5,14,117,7.15,4.47,Buffalo Bills / 2nd / 41st pick / 2013
184,2013,Marquess Wilson\WilsMa02,WR,20,6,Washington St.,College Stats,6-3,194,4.51,34.5,7,122,6.65,4.33,Chicago Bears / 7th / 236th pick / 2013
185,2013,Terrance Williams\WillTe01,WR,23,31,Baylor,College Stats,6-2,208,4.52,32.5,11,119,7.01,4.32,Dallas Cowboys / 3rd / 74th pick / 2013
186,2013,Markus Wheaton\WheaMa00,WR,22,13,Oregon St.,College Stats,5-11,189,4.45,37.0,20,120,6.80,4.02,Pittsburgh Steelers / 3rd / 79th pick / 2013
187,2013,Kenbrell Thompkins\ThomKe02,WR,24,7,Cincinnati,College Stats,6-1,193,4.54,33.5,8,121,6.88,4.21,
188,2013,Kenny Stills\StilKe00,WR,20,33,Oklahoma,College Stats,6-0,194,4.38,33.5,16,124,,4.35,New Orleans Saints / 5th / 144th pick / 2013
189,2013,Ryan Spadola\SpadRy00,WR,22,0,Lehigh,,6-1,204,4.48,33.5,15,119,6.72,4.07,
190,2013,Rodney Smith\SmitRo05,WR,22,0,Florida St.,College Stats,6-4,225,4.51,34.5,,120,7.03,4.07,
191,2013,Ace Sanders\SandAc00,WR,21,3,South Carolina,College Stats,5-7,173,4.58,32.0,7,117,6.81,4.37,Jacksonville Jaguars / 4th / 101st pick / 2013
192,2013,Da'Rick Rogers\RogeDa01,WR,21,2,Tennessee Tech,,6-2,217,4.50,39.5,10,132,6.71,4.06,
193,2013,Denard Robinson\RobiDe00,WR,22,8,Michigan,College Stats,5-10,199,4.43,36.5,,123,7.09,4.22,Jacksonville Jaguars / 5th / 135th pick / 2013
194,2013,Quinton Patton\PattQu00,WR,22,7,Louisiana Tech,College Stats,6-0,204,4.53,33.0,8,118,6.91,4.01,San Francisco 49ers / 4th / 128th pick / 2013
195,2013,Cordarrelle Patterson\PattCo00,WR,21,27,Tennessee,College Stats,6-2,216,4.42,37.0,,128,,,Minnesota Vikings / 1st / 29th pick / 2013
196,2013,T.J. Moe\MoexT.00,WR,22,,Missouri,College Stats,5-11,204,4.74,36.0,26,120,6.53,3.96,
197,2013,Alec Lemon\LemoAl00,WR,21,,Syracuse,College Stats,6-1,202,4.59,32.0,7,112,7.04,4.29,
198,2013,Tavarres King\KingTa00,WR,22,2,Georgia,College Stats,6-0,189,4.47,36.5,11,123,6.91,4.33,Denver Broncos / 5th / 161st pick / 2013
199,2013,Darius Johnson\JohnDa06,WR,22,2,SMU,College Stats,5-9,179,4.60,32.0,6,109,,4.53,
200,2013,Justin Hunter\HuntJu00,WR,21,10,Tennessee,College Stats,6-4,196,4.44,39.5,,136,,4.33,Tennessee Titans / 2nd / 34th pick / 2013
1,2012,Devon Wylie\WyliDe00,WR,23,0,Fresno St.,College Stats,5-9,187,4.36,39.0,17,123,,,Kansas City Chiefs / 4th / 107th pick / 2012
2,2012,Kendall Wright\WrigKe01,WR,22,31,Baylor,College Stats,5-10,196,4.49,38.5,,121,6.93,4.18,Tennessee Titans / 1st / 20th pick / 2012
3,2012,Jarius Wright\WrigJa02,WR,22,24,Arkansas,College Stats,5-10,182,4.39,38.0,11,120,6.93,4.03,Minnesota Vikings / 4th / 118th pick / 2012
4,2012,Jordan White\WhitJo02,WR,23,0,West. Michigan,College Stats,6-0,208,4.63,35.0,14,119,6.84,4.13,New York Jets / 7th / 244th pick / 2012
5,2012,Nick Toon\ToonNi00,WR,23,3,Wisconsin,College Stats,6-2,215,4.49,37.5,18,,,,New Orleans Saints / 4th / 122nd pick / 2012
6,2012,Tommy Streeter\StreTo00,WR,22,0,Miami (FL),College Stats,6-5,219,4.37,33.0,17,125,7.08,,Baltimore Ravens / 6th / 198th pick / 2012
7,2012,Mohamed Sanu\SanuMo00,WR,22,40,Rutgers,College Stats,6-1,211,4.62,36.0,19,126,6.88,4.22,Cincinnati Bengals / 3rd / 83rd pick / 2012
8,2012,James Rodgers\RodgJa01,WR,23,0,Oregon St.,College Stats,5-7,184,4.61,37.0,19,115,,4.23,
9,2012,Rueben Randle\RandRu00,WR,20,22,LSU,College Stats,6-3,210,4.55,31.0,15,121,6.99,4.36,New York Giants / 2nd / 63rd pick / 2012
10,2012,Brian Quick\QuicBr00,WR,22,12,Appalachian St.,,6-3,220,4.50,34.0,15,119,7.10,4.23,St. Louis Rams / 2nd / 33rd pick / 2012
11,2012,DeVier Posey\PoseDe00,WR,21,2,Ohio St.,College Stats,6-2,211,4.39,36.5,14,123,7.03,4.15,Houston Texans / 3rd / 68th pick / 2012
12,2012,Eric Page\PageEr00,WR,20,1,Toledo,College Stats,5-9,186,4.50,30.0,15,112,6.95,3.98,
13,2012,Chris Owusu\OwusCh00,WR,22,3,Stanford,College Stats,6-0,196,4.36,40.5,19,129,6.85,4.11,
14,2012,Derek Moye\MoyeDe00,WR,23,0,Penn St.,College Stats,6-4,209,4.46,33.5,10,115,,4.23,
15,2012,Kashif Moore\MoorKa00,WR,23,0,Connecticut,College Stats,5-9,180,4.36,43.5,19,126,6.82,4.05,
16,2012,Marvin McNutt\McNuMa00,WR,22,0,Iowa,College Stats,6-3,216,4.48,37.0,,122,7.15,4.07,Philadelphia Eagles / 6th / 194th pick / 2012
17,2012,Rishard Matthews\MattRi00,WR,22,26,Nevada,College Stats,6-0,217,4.54,36.0,20,,6.88,4.19,Miami Dolphins / 7th / 227th pick / 2012
18,2012,Keshawn Martin\MartKe01,WR,21,7,Michigan St.,College Stats,5-11,188,4.42,39.5,13,122,6.85,4.13,Houston Texans / 4th / 121st pick / 2012
19,2012,Jermaine Kearse\KearJe01,WR,22,30,Washington,College Stats,6-1,209,4.50,34.0,14,119,7.03,4.12,
20,2012,Marvin Jones\JoneMa02,WR,21,39,California,College Stats,6-2,199,4.46,33.0,22,112,6.81,4.11,Cincinnati Bengals / 5th / 166th pick / 2012
21,2012,A.J. Jenkins\JenkA.00,WR,22,2,Illinois,College Stats,6-0,190,4.37,38.5,12,124,,,San Francisco 49ers / 1st / 30th pick / 2012
22,2012,Alshon Jeffery\JeffAl00,WR,22,52,South Carolina,College Stats,6-3,216,4.48,,,,,,Chicago Bears / 2nd / 45th pick / 2012
23,2012,Jerrell Jackson\JackJe00,WR,22,0,Missouri,College Stats,6-0,196,4.50,41.0,22,127,6.82,4.11,
24,2012,T.Y. Hilton\HiltT.00,WR,22,72,Florida International,College Stats,5-9,183,4.34,,,,,,Indianapolis Colts / 3rd / 92nd pick / 2012
25,2012,Stephen Hill\HillSt00,WR,20,4,Georgia Tech,College Stats,6-4,215,4.36,39.5,14,133,6.88,4.48,New York Jets / 2nd / 43rd pick / 2012
26,2012,Junior Hemingway\HemiJu00,WR,23,2,Michigan,College Stats,6-1,225,4.48,35.5,21,124,6.59,3.98,Kansas City Chiefs / 7th / 238th pick / 2012
27,2012,Darius Hanks\HankDa00,WR,23,0,Alabama,College Stats,6-0,184,4.52,34.0,11,117,,,
28,2012,T.J. Graham\GrahT.00,WR,22,7,North Carolina St.,College Stats,5-11,188,4.34,33.5,8,120,6.77,4.18,Buffalo Bills / 3rd / 69th pick / 2012
29,2012,Chris Givens\GiveCh00,WR,22,13,Wake Forest,College Stats,5-11,198,4.35,33.5,19,118,6.97,4.23,St. Louis Rams / 4th / 96th pick / 2012
30,2012,Jeff Fuller\FullJe00,WR,21,0,Texas A&M,College Stats,6-4,223,4.53,,17,,,,
31,2012,Michael Floyd\FloyMi00,WR,22,31,Notre Dame,College Stats,6-3,220,4.40,36.5,16,122,,,Arizona Cardinals / 1st / 13th pick / 2012
32,2012,Patrick Edwards\EdwaPa00,WR,23,0,Houston,College Stats,5-9,172,4.57,,,,,,
33,2012,B.J. Cunningham\CunnB.00,WR,22,0,Michigan St.,College Stats,6-1,211,4.52,31.5,12,116,7.10,,Miami Dolphins / 6th / 183rd pick / 2012
34,2012,Juron Criner\CrinJu00,WR,22,1,Arizona,College Stats,6-2,224,4.66,38.0,17,117,7.15,4.30,Oakland Raiders / 5th / 168th pick / 2012
35,2012,Josh Cooper\CoopJo00,WR,23,1,Oklahoma St.,College Stats,5-11,190,4.65,,11,,,,
36,2012,Danny Coale\CoalDa00,WR,23,0,Virginia Tech,College Stats,6-0,201,4.42,35.0,12,115,6.69,4.15,Dallas Cowboys / 5th / 152nd pick / 2012
37,2012,Greg Childs\ChilGr00,WR,21,0,Arkansas,College Stats,6-3,219,4.52,36.5,19,125,,,Minnesota Vikings / 4th / 134th pick / 2012
38,2012,Ryan Broyles\BroyRy00,WR,23,3,Oklahoma,College Stats,5-10,192,4.57,,21,,,,Detroit Lions / 2nd / 54th pick / 2012
39,2012,LaVon Brazill\BrazLa00,WR,22,3,Ohio,College Stats,5-11,192,4.43,32.5,11,,,,Indianapolis Colts / 6th / 206th pick / 2012
40,2012,Jarrett Boykin\BoykJa00,WR,22,6,Virginia Tech,College Stats,6-2,217,4.62,36.0,11,123,7.12,4.28,
41,2012,Justin Blackmon\BlacJu00,WR,22,9,Oklahoma St.,College Stats,6-1,207,4.46,,14,,,,Jacksonville Jaguars / 1st / 5th pick / 2012
42,2012,Travis Benjamin\BenjTr00,WR,22,28,Miami (FL),College Stats,5-10,172,4.31,38.0,14,119,,,Cleveland Browns / 4th / 100th pick / 2012
43,2012,Tim Benford\BenfTi00,WR,22,0,Tennessee Tech,,5-11,205,4.51,,15,,,,
44,2012,Joe Adams\AdamJo01,WR,22,0,Arkansas,College Stats,5-11,179,4.51,36.0,,123,7.09,,Carolina Panthers / 4th / 104th pick / 2012
45,2011,Titus Young\YounTi00,WR,21,8,Boise St.,College Stats,5-11,174,4.43,,,123,,,Detroit Lions / 2nd / 44th pick / 2011
46,2011,Ryan Whalen\WhalRy00,WR,21,0,Stanford,College Stats,6-1,202,4.53,38.5,18,123,6.67,4.09,Cincinnati Bengals / 6th / 167th pick / 2011
47,2011,Torrey Smith\SmitTo02,WR,22,43,Maryland,College Stats,6-1,204,4.41,41.0,19,126,6.72,4.13,Baltimore Ravens / 2nd / 58th pick / 2011
48,2011,Keith Smith\SmitKe03,WR,18,1,San Jose St.,College Stats,6-2,214,4.65,,,,,,
49,2011,Cecil Shorts\ShorCe00,WR,23,20,Mount Union,,6-0,205,4.50,34.5,21,114,6.50,4.07,Jacksonville Jaguars / 4th / 114th pick / 2011
50,2011,Dane Sanzenbacher\SanzDa00,WR,22,4,Ohio St.,College Stats,5-11,182,4.56,33.5,,118,6.46,3.97,
51,2011,DeMarco Sampson\SampDe00,WR,25,0,San Diego St.,College Stats,6-2,204,4.41,,14,,,,Arizona Cardinals / 7th / 249th pick / 2011
52,2011,Greg Salas\SalaGr00,WR,22,4,Hawaii,College Stats,6-1,210,4.53,37.0,15,120,6.65,4.10,St. Louis Rams / 4th / 112th pick / 2011
53,2011,Aldrick Robinson\RobiAl00,WR,22,13,SMU,College Stats,5-10,184,4.35,40.0,17,126,6.65,4.09,Washington Redskins / 6th / 178th pick / 2011
54,2011,Kealoha Pilares\PilaKe00,WR,23,1,Hawaii,College Stats,5-10,199,4.42,,19,,,,Carolina Panthers / 5th / 132nd pick / 2011
55,2011,Austin Pettis\PettAu00,WR,22,8,Boise St.,College Stats,6-3,209,4.56,33.5,14,120,6.68,3.88,St. Louis Rams / 3rd / 78th pick / 2011
56,2011,Niles Paul\PaulNi00,WR,21,7,Nebraska,College Stats,6-1,224,4.45,34.5,24,117,6.90,4.14,Washington Redskins / 5th / 155th pick / 2011
57,2011,Jamar Newsome\NewsJa00,WR,23,0,Central Florida,College Stats,6-0,200,4.46,38.5,13,129,6.83,4.22,
58,2011,Denarius Moore\MoorDe02,WR,22,16,Tennessee,College Stats,6-0,194,4.43,36.0,13,118,6.78,4.15,Oakland Raiders / 5th / 148th pick / 2011
59,2011,Jeff Maehl\MaehJe00,WR,21,1,Oregon,College Stats,6-1,190,4.56,33.5,,115,6.42,3.94,
60,2011,Ricardo Lockette\LockRi00,WR,24,5,Fort Valley St.,,6-2,211,4.34,35.5,,127,7.15,4.19,
61,2011,Greg Little\LittGr00,WR,21,14,North Carolina,College Stats,6-2,231,4.51,40.5,27,129,6.80,4.21,Cleveland Browns / 2nd / 59th pick / 2011
62,2011,Jeremy Kerley\KerlJe00,WR,22,26,TCU,College Stats,5-9,189,4.56,34.5,16,120,,,New York Jets / 5th / 153rd pick / 2011
63,2011,Julio Jones\JoneJu02,WR,22,102,Alabama,College Stats,6-3,220,4.34,38.5,17,135,6.66,4.25,Atlanta Falcons / 1st / 6th pick / 2011
64,2011,Ronald Johnson\JohnRo05,WR,22,0,USC,College Stats,5-11,199,4.46,,16,,,,San Francisco 49ers / 6th / 182nd pick / 2011
65,2011,Jerrel Jernigan\JernJe00,WR,21,2,Troy,College Stats,5-9,185,4.46,37.5,11,124,7.07,4.25,New York Giants / 3rd / 83rd pick / 2011
66,2011,Lestar Jean\JeanLe01,WR,23,1,Florida Atlantic,,6-3,215,4.61,37.5,14,113,7.45,4.43,
67,2011,Andre Holmes\HolmAn00,WR,22,12,Hillsdale,,6-4,210,4.51,35.0,11,130,6.69,4.31,
68,2011,Dwayne Harris\HarrDw00,WR,23,13,East Carolina,College Stats,5-10,203,4.53,34.0,10,111,6.77,4.21,Dallas Cowboys / 6th / 176th pick / 2011
69,2011,Leonard Hankerson\HankLe00,WR,22,12,Miami (FL),College Stats,6-1,209,4.40,36.0,14,117,6.94,4.21,Washington Redskins / 3rd / 79th pick / 2011
70,2011,Tori Gurley\GurlTo00,WR,23,0,South Carolina,College Stats,6-4,216,4.53,33.5,15,118,7.05,4.25,
71,2011,A.J. Green\GreeA.00,WR,22,80,Georgia,College Stats,6-4,211,4.48,34.5,18,126,6.91,4.21,Cincinnati Bengals / 1st / 4th pick / 2011
72,2011,Clyde Gates\GateCl00,WR,24,3,Abilene Christian,,6-0,192,4.31,40.0,16,131,,,Miami Dolphins / 4th / 111th pick / 2011
73,2011,Tandon Doss\DossTa00,WR,21,4,Indiana,College Stats,6-2,201,4.62,,14,,,,Baltimore Ravens / 4th / 123rd pick / 2011
74,2011,Randall Cobb\CobbRa00,WR,20,61,Kentucky,College Stats,5-10,191,4.46,33.5,16,115,7.08,4.34,Green Bay Packers / 2nd / 64th pick / 2011
75,2011,Stephen Burton\BurtSt00,WR,21,0,West Texas A&M,,6-1,221,4.50,34.5,19,117,7.04,4.31,Minnesota Vikings / 7th / 236th pick / 2011
76,2011,Vincent Brown\BrowVi00,WR,22,9,San Diego St.,College Stats,5-11,187,4.68,33.5,12,121,6.64,4.25,San Diego Chargers / 3rd / 82nd pick / 2011
77,2011,Armon Binns\BinnAr00,WR,21,3,Cincinnati,College Stats,6-3,209,4.50,31.5,13,118,6.86,4.31,
78,2011,Jon Baldwin\BaldJo00,WR,21,4,Pittsburgh,College Stats,6-4,228,4.49,42.0,20,129,7.07,4.34,Kansas City Chiefs / 1st / 26th pick / 2011
79,2011,Darvin Adams\AdamDa00,WR,21,0,Auburn,College Stats,6-2,190,4.56,,,,,,
80,2010,Stephen Williams\WillSt01,WR,23,1,Toledo,College Stats,6-4,210,4.50,36.5,15,125,6.81,4.11,
81,2010,Mike Williams\WillMi04,WR,22,27,Syracuse,College Stats,6-1,221,4.53,33.5,8,116,6.90,4.31,Tampa Bay Buccaneers / 4th / 101st pick / 2010
82,2010,Kyle Williams\WillKy01,WR,21,6,Arizona St.,College Stats,5-10,188,4.40,33.0,11,118,7.00,4.19,San Francisco 49ers / 6th / 206th pick / 2010
83,2010,Damian Williams\WillDa04,WR,21,10,USC,College Stats,6-1,197,4.52,38.0,19,118,6.79,4.24,Tennessee Titans / 3rd / 77th pick / 2010
84,2010,Blair White\WhitBl00,WR,23,3,Michigan St.,College Stats,6-2,209,4.49,33.5,18,115,6.69,4.03,
85,2010,Chastin West\WestCh00,WR,22,1,Fresno St.,College Stats,6-0,212,4.59,33.5,15,113,,,
86,2010,Verran Tucker\TuckVe00,WR,21,1,California,College Stats,6-2,200,4.65,,,,,,
87,2010,Demaryius Thomas\ThomDe03,WR,22,78,Georgia Tech,College Stats,6-3,224,4.52,,,,,,Denver Broncos / 1st / 22nd pick / 2010
88,2010,Golden Tate\TateGo00,WR,21,64,Notre Dame,College Stats,5-10,199,4.42,35.0,17,120,7.12,4.34,Seattle Seahawks / 2nd / 60th pick / 2010
89,2010,Jordan Shipley\ShipJo00,WR,24,7,Texas,College Stats,5-11,193,4.60,36.5,16,116,,,Cincinnati Bengals / 3rd / 84th pick / 2010
90,2010,Emmanuel Sanders\SandEm00,WR,22,58,SMU,College Stats,5-11,186,4.40,39.5,12,126,6.64,4.10,Pittsburgh Steelers / 3rd / 82nd pick / 2010
91,2010,Andre Roberts\RobeAn00,WR,22,27,Citadel,,5-11,195,4.40,36.0,15,120,6.77,4.15,Arizona Cardinals / 3rd / 88th pick / 2010
92,2010,David Reed\ReedDa00,WR,22,2,Utah,College Stats,6-0,191,4.56,37.0,15,114,6.95,4.38,Baltimore Ravens / 5th / 156th pick / 2010
93,2010,Taylor Price\PricTa00,WR,22,1,Ohio,College Stats,6-0,204,4.40,37.0,16,114,6.82,4.34,New England Patriots / 3rd / 90th pick / 2010
94,2010,Preston Parker\ParkPr00,WR,23,7,Florida St.,College Stats,5-11,199,4.59,35.0,16,117,,4.16,
95,2010,Carlton Mitchell\MitcCa00,WR,21,0,South Florida,College Stats,6-3,215,4.46,36.0,16,122,6.96,4.55,Cleveland Browns / 6th / 177th pick / 2010
96,2010,Kerry Meier\MeieKe00,WR,23,0,Kansas,College Stats,6-2,224,4.62,35.0,13,115,,4.23,Atlanta Falcons / 5th / 165th pick / 2010
97,2010,Dexter McCluster\McClDe00,WR,20,23,Mississippi,College Stats,5-9,172,4.53,37.5,20,118,,4.06,Kansas City Chiefs / 2nd / 36th pick / 2010
98,2010,Brandon LaFell\LaFeBr00,WR,23,50,LSU,College Stats,6-2,211,4.58,36.0,,115,6.81,4.23,Carolina Panthers / 3rd / 78th pick / 2010
99,2010,Donald Jones\JoneDo00,WR,22,8,Youngstown St.,,6-0,214,4.46,41.0,20,119,6.90,4.20,
100,2010,Trindon Holliday\HollTr00,WR,23,4,LSU,College Stats,5-5,166,4.34,42.0,10,116,6.54,4.48,Houston Texans / 6th / 197th pick / 2010
101,2010,Mardy Gilyard\GilyMa00,WR,23,1,Cincinnati,College Stats,6-0,187,4.61,39.0,,116,6.92,4.40,St. Louis Rams / 4th / 99th pick / 2010
102,2010,David Gettis\GettDa00,WR,22,3,Baylor,College Stats,6-3,217,4.43,34.5,15,124,6.94,4.41,Carolina Panthers / 6th / 198th pick / 2010
103,2010,Jacoby Ford\FordJa01,WR,22,12,Clemson,College Stats,5-9,186,4.28,33.5,15,115,7.00,4.44,Oakland Raiders / 4th / 108th pick / 2010
104,2010,Armanti Edwards\EdwaAr00,WR,21,1,Appalachian St.,,5-11,187,4.41,,,,,,Carolina Panthers / 3rd / 89th pick / 2010
105,2010,Marcus Easley\EaslMa00,WR,22,1,Connecticut,College Stats,6-3,210,4.39,34.0,16,123,6.94,4.60,Buffalo Bills / 4th / 107th pick / 2010
106,2010,Eric Decker\DeckEr00,WR,22,52,Minnesota,College Stats,6-3,217,4.54,,15,,,,Denver Broncos / 3rd / 87th pick / 2010
107,2010,Riley Cooper\CoopRi00,WR,22,19,Florida,College Stats,6-3,222,4.53,33.0,,114,,,Philadelphia Eagles / 5th / 159th pick / 2010
108,2010,Dez Bryant\BryaDe01,WR,21,71,Oklahoma St.,College Stats,6-2,225,4.52,,,,,,Dallas Cowboys / 1st / 24th pick / 2010
109,2010,Antonio Brown\BrowAn04,WR,21,102,Central Michigan,College Stats,5-10,186,4.56,33.5,13,105,6.98,4.18,Pittsburgh Steelers / 6th / 195th pick / 2010
110,2010,Dezmon Briscoe\BrisDe00,WR,20,4,Kansas,College Stats,6-2,207,4.66,33.0,9,115,7.10,4.57,Cincinnati Bengals / 6th / 191st pick / 2010
111,2010,Arrelious Benn\BennAr00,WR,21,8,Illinois,College Stats,6-1,219,4.57,37.0,20,118,,,Tampa Bay Buccaneers / 2nd / 39th pick / 2010
112,2010,Brandon Banks\BankBr00,WR,22,1,Kansas St.,College Stats,5-7,149,4.37,31.0,,113,6.88,4.29,
113,2010,Danario Alexander\AlexDa00,WR,23,9,Missouri,College Stats,6-5,215,4.62,,,,,,
114,2010,Seyi Ajirotutu\AjirSe00,WR,22,4,Fresno St.,College Stats,6-3,204,4.60,36.0,14,115,7.22,4.39,
115,2009,Derrick Williams\WillDe05,WR,22,0,Penn St.,College Stats,5-11,194,4.47,33.0,15,,,,Detroit Lions / 3rd / 82nd pick / 2009
116,2009,Mike Wallace\WallMi00,WR,22,69,Mississippi,College Stats,6-0,199,4.33,40.0,14,129,6.90,4.27,Pittsburgh Steelers / 3rd / 84th pick / 2009
117,2009,Tiquan Underwood\UndeTi00,WR,22,9,Rutgers,College Stats,6-1,184,4.31,41.5,7,129,6.62,4.11,Jacksonville Jaguars / 7th / 253rd pick / 2009
118,2009,Patrick Turner\TurnPa00,WR,21,1,USC,College Stats,6-5,223,4.59,,,,,,Miami Dolphins / 3rd / 87th pick / 2009
119,2009,Mike Thomas\ThomMi01,WR,21,22,Arizona,College Stats,5-8,195,4.30,40.5,,126,6.65,4.28,Jacksonville Jaguars / 4th / 107th pick / 2009
120,2009,Brandon Tate\TateBr00,WR,21,17,North Carolina,College Stats,6-0,183,4.52,,,,,,New England Patriots / 3rd / 83rd pick / 2009
121,2009,Sammie Stroughter\StroSa00,WR,23,5,Oregon St.,College Stats,5-9,189,4.45,30.0,13,110,7.03,4.28,Tampa Bay Buccaneers / 7th / 233rd pick / 2009
122,2009,Brian Robiskie\RobiBr00,WR,21,3,Ohio St.,College Stats,6-3,209,4.46,37.5,,,6.72,4.19,Cleveland Browns / 2nd / 36th pick / 2009
123,2009,Greg Orton\OrtoGr00,WR,22,0,Purdue,College Stats,6-3,207,4.61,38.0,22,125,6.90,4.33,
124,2009,Kevin Ogletree\OgleKe00,WR,21,8,Virginia,College Stats,6-0,196,4.36,36.0,,122,6.67,4.08,
125,2009,Jordan Norwood\NorwJo00,WR,22,6,Penn St.,College Stats,5-11,179,4.58,38.0,,119,6.80,4.20,
126,2009,Hakeem Nicks\NickHa01,WR,21,44,North Carolina,College Stats,6-1,212,4.51,36.0,,,,,New York Giants / 1st / 29th pick / 2009
127,2009,Louis Murphy\MurpLo00,WR,21,20,Florida,College Stats,6-2,203,4.32,,12,,,,Oakland Raiders / 4th / 124th pick / 2009
128,2009,Marko Mitchell\MitcMa00,WR,23,0,Nevada,College Stats,6-4,218,4.43,32.0,9,116,7.04,4.33,Washington Redskins / 7th / 243rd pick / 2009
129,2009,Kenny McKinley\McKiKe00,WR,22,0,South Carolina,College Stats,6-0,189,4.37,37.0,,113,6.96,4.10,Denver Broncos / 5th / 141st pick / 2009
130,2009,Mohamed Massaquoi\MassMo00,WR,22,13,Georgia,College Stats,6-1,210,4.51,36.5,,127,,,Cleveland Browns / 2nd / 50th pick / 2009
131,2009,Jeremy Maclin\MaclJe00,WR,20,59,Missouri,College Stats,6-0,198,4.43,,,,,,Philadelphia Eagles / 1st / 19th pick / 2009
132,2009,Quinten Lawrence\LawrQu00,WR,24,0,McNeese St.,,6-0,184,4.40,,20,,,,Kansas City Chiefs / 6th / 175th pick / 2009
133,2009,Johnny Knox\KnoxJo00,WR,22,20,Abilene Christian,,5-11,185,4.34,35.0,,122,6.81,4.15,Chicago Bears / 5th / 140th pick / 2009
134,2009,Manuel Johnson\JohnMa04,WR,22,0,Oklahoma,College Stats,5-11,189,4.50,,,,,,Dallas Cowboys / 7th / 229th pick / 2009
135,2009,Juaquin Iglesias\IgleJu00,WR,21,0,Oklahoma,College Stats,6-1,210,4.44,34.5,,116,,4.40,Chicago Bears / 3rd / 99th pick / 2009
136,2009,Darrius Heyward-Bey\HeywDa00,WR,22,25,Maryland,College Stats,6-2,210,4.30,38.5,16,126,6.80,4.18,Oakland Raiders / 1st / 7th pick / 2009
137,2009,Percy Harvin\HarvPe00,WR,20,48,Florida,College Stats,5-11,192,4.39,,19,,,,Minnesota Vikings / 1st / 22nd pick / 2009
138,2009,Brian Hartline\HartBr00,WR,22,36,Ohio St.,College Stats,6-2,195,4.49,34.5,,120,6.65,4.12,Miami Dolphins / 4th / 108th pick / 2009
139,2009,Brandon Gibson\GibsBr00,WR,21,19,Washington St.,College Stats,6-0,210,4.59,,,,,,Philadelphia Eagles / 6th / 194th pick / 2009
140,2009,Dominique Edison\EdisDo00,WR,22,0,Stephen F. Austin,,6-2,204,4.42,37.0,,120,,4.18,Tennessee Titans / 6th / 206th pick / 2009
141,2009,Jarett Dillard\DillJa00,WR,23,3,Rice,College Stats,5-10,191,4.50,42.5,13,129,7.10,4.41,Jacksonville Jaguars / 5th / 144th pick / 2009
142,2009,Michael Crabtree\CrabMi00,WR,21,65,Texas Tech,College Stats,6-1,215,4.54,,,,,,San Francisco 49ers / 1st / 10th pick / 2009
143,2009,Quan Cosby\CosbQu00,WR,26,0,Texas,College Stats,5-9,196,4.50,,,,7.28,4.47,
144,2009,Austin Collie\CollAu00,WR,23,19,BYU,College Stats,6-1,200,4.53,34.0,17,120,6.78,4.24,Indianapolis Colts / 4th / 127th pick / 2009
145,2009,Deon Butler\ButlDe00,WR,23,4,Penn St.,College Stats,5-10,182,4.31,34.5,12,118,7.01,4.48,Seattle Seahawks / 3rd / 91st pick / 2009
146,2009,Kenny Britt\BritKe00,WR,20,40,Rutgers,College Stats,6-3,218,4.47,37.0,23,124,,4.47,Tennessee Titans / 1st / 30th pick / 2009
147,2009,Ramses Barden\BardRa00,WR,23,4,Cal Poly,,6-6,229,4.51,33.5,17,118,,4.26,New York Giants / 3rd / 85th pick / 2009
148,2008,Devin Thomas\ThomDe02,WR,21,4,Michigan St.,College Stats,6-2,216,4.41,28.0,,126,7.15,4.26,Washington Redskins / 2nd / 34th pick / 2008
149,2008,Limas Sweed\SweeLi00,WR,23,1,Texas,College Stats,6-4,215,4.48,35.0,,,,,Pittsburgh Steelers / 2nd / 53rd pick / 2008
150,2008,Taj Smith\SmitTa00,WR,24,0,Syracuse,College Stats,6-0,187,4.59,35.0,,119,7.15,4.50,
151,2008,Marcus Smith\SmitMa01,WR,23,0,New Mexico,College Stats,6-1,221,4.51,26.5,20,111,7.10,4.42,Baltimore Ravens / 4th / 106th pick / 2008
152,2008,Jerome Simpson\SimpJe00,WR,22,18,Coastal Carolina,,6-2,199,4.42,37.5,,136,7.08,4.52,Cincinnati Bengals / 2nd / 46th pick / 2008
153,2008,Eddie Royal\RoyaEd00,WR,21,40,Virginia Tech,College Stats,5-10,184,4.39,36.0,24,124,7.07,4.34,Denver Broncos / 2nd / 42nd pick / 2008
154,2008,Kevin Robinson\RobiKe00,WR,23,0,Utah St.,College Stats,5-11,202,4.69,27.5,,115,7.31,4.77,Kansas City Chiefs / 6th / 182nd pick / 2008
155,2008,Darius Reynaud\ReynDa00,WR,23,3,West Virginia,College Stats,5-9,201,4.48,34.5,20,130,6.88,4.32,
156,2008,Maurice Purify\PuriMa00,WR,22,0,Nebraska,College Stats,6-3,224,4.50,28.5,,117,6.95,4.29,
157,2008,Jordy Nelson\NelsJo00,WR,22,85,Kansas St.,College Stats,6-3,217,4.51,31.0,,123,7.03,4.35,Green Bay Packers / 2nd / 36th pick / 2008
158,2008,Josh Morgan\MorgJo00,WR,22,23,Virginia Tech,College Stats,6-0,219,4.46,,,,,,San Francisco 49ers / 6th / 174th pick / 2008
159,2008,Kenneth Moore\MoorKe00,WR,23,1,Wake Forest,College Stats,5-11,195,4.47,28.0,,120,7.09,4.30,Detroit Lions / 5th / 136th pick / 2008
160,2008,Mario Manningham\MannMa01,WR,21,25,Michigan,College Stats,6-0,181,4.59,32.0,16,117,7.34,4.27,New York Giants / 3rd / 95th pick / 2008
161,2008,Malcolm Kelly\KellMa01,WR,21,3,Oklahoma,College Stats,6-4,224,4.68,,,,,,Washington Redskins / 2nd / 51st pick / 2008
162,2008,Jaymar Johnson\JohnJa01,WR,23,0,Jackson St.,,5-11,177,4.50,32.0,14,118,6.75,4.18,Minnesota Vikings / 6th / 193rd pick / 2008
163,2008,Darnell Jenkins\JenkDa20,WR,25,0,Miami (FL),College Stats,5-9,187,4.52,26.5,13,115,7.33,4.37,
164,2008,Dexter Jackson\JackDe01,WR,21,0,Appalachian St.,,5-9,182,4.33,29.5,,122,6.81,4.38,Tampa Bay Buccaneers / 2nd / 58th pick / 2008
165,2008,DeSean Jackson\JackDe00,WR,21,90,California,College Stats,5-10,169,4.35,,,120,,,Philadelphia Eagles / 2nd / 49th pick / 2008
166,2008,Paul Hubbard\HubbPa00,WR,22,0,Wisconsin,College Stats,6-3,221,4.49,29.5,15,126,,,Cleveland Browns / 6th / 191st pick / 2008
167,2008,Lavelle Hawkins\HawkLa00,WR,21,7,California,College Stats,5-11,187,4.57,,14,117,,,Tennessee Titans / 4th / 126th pick / 2008
168,2008,Justin Harper\HarpJu01,WR,23,0,Virginia Tech,College Stats,6-3,213,4.56,28.5,,120,7.03,4.43,Baltimore Ravens / 7th / 215th pick / 2008
169,2008,James Hardy\HardJa00,WR,22,1,Indiana,College Stats,6-5,217,4.45,31.5,18,125,6.84,4.20,Buffalo Bills / 2nd / 41st pick / 2008
170,2008,Pierre Garcon\GarcPi00,WR,21,66,Mount Union,,6-0,210,4.42,36.5,20,125,6.90,4.19,Indianapolis Colts / 6th / 205th pick / 2008
171,2008,Will Franklin\FranWi00,WR,22,1,Missouri,College Stats,6-0,214,4.37,34.5,,,,,Kansas City Chiefs / 4th / 105th pick / 2008
172,2008,Harry Douglas\DougHa00,WR,23,36,Louisville,College Stats,5-11,176,4.51,31.0,,120,6.57,4.12,Atlanta Falcons / 3rd / 84th pick / 2008
173,2008,Early Doucet\DoucEa00,WR,22,11,LSU,College Stats,6-0,209,4.59,,,,,,Arizona Cardinals / 3rd / 81st pick / 2008
174,2008,Andre Caldwell\CaldAn00,WR,22,13,Florida,College Stats,6-0,204,4.35,33.0,,124,6.75,4.11,Cincinnati Bengals / 3rd / 97th pick / 2008
175,2008,Keenan Burton\BurtKe00,WR,23,3,Kentucky,College Stats,6-0,201,4.44,38.5,10,125,6.77,4.20,St. Louis Rams / 4th / 128th pick / 2008
176,2008,Davone Bess\BessDa00,WR,22,30,Hawaii,College Stats,5-10,194,4.64,31.5,12,118,6.97,4.27,
177,2008,Earl Bennett\BennEa00,WR,20,20,Vanderbilt,College Stats,5-11,209,4.48,26.0,15,110,7.15,4.22,Chicago Bears / 3rd / 70th pick / 2008
178,2008,Donnie Avery\AverDo00,WR,23,23,Houston,College Stats,5-11,192,4.43,,16,,,,St. Louis Rams / 2nd / 33rd pick / 2008
179,2008,Adrian Arrington\ArriAd00,WR,22,1,Michigan,College Stats,6-3,203,4.55,,,,,,New Orleans Saints / 7th / 237th pick / 2008
180,2008,Danny Amendola\AmenDa00,WR,22,42,Texas Tech,College Stats,5-10,183,4.58,27.5,13,103,6.81,4.25,
181,2007,D'Juan Woods\WoodDJ20,WR,22,0,Oklahoma St.,College Stats,6-0,208,4.58,36.5,,120,6.89,4.34,
182,2007,Paul Williams\WillPa00,WR,23,0,Fresno St.,College Stats,6-1,205,4.45,38.5,,125,7.03,4.24,Tennessee Titans / 3rd / 80th pick / 2007
183,2007,Mike Sims-Walker\WalkMi01,WR,22,17,Central Florida,College Stats,6-2,209,4.35,36.5,18,121,6.92,4.39,Jacksonville Jaguars / 3rd / 79th pick / 2007
184,2007,Courtney Taylor\TaylCo00,WR,22,1,Auburn,College Stats,6-2,204,4.50,36.0,,122,7.22,4.28,Seattle Seahawks / 6th / 197th pick / 2007
185,2007,Chansi Stuckey\StucCh20,WR,23,10,Clemson,College Stats,5-11,197,4.56,35.0,,120,6.91,4.14,New York Jets / 7th / 235th pick / 2007
186,2007,Syndric Steptoe\StepSy20,WR,22,1,Arizona,College Stats,5-9,194,4.59,33.0,17,,,,Cleveland Browns / 7th / 234th pick / 2007
187,2007,Steve Smith\SmitSt02,WR,21,24,USC,College Stats,6-0,197,4.44,38.0,,120,6.68,4.19,New York Giants / 2nd / 51st pick / 2007
188,2007,Ryne Robinson\RobiRy00,WR,22,0,Miami (OH),College Stats,5-9,179,4.47,35.0,,123,6.71,4.21,Carolina Panthers / 4th / 118th pick / 2007
189,2007,Laurent Robinson\RobiLa01,WR,21,17,Illinois St.,,6-2,199,4.38,39.0,19,127,6.83,4.28,Atlanta Falcons / 3rd / 75th pick / 2007
190,2007,Sidney Rice\RiceSi01,WR,20,36,South Carolina,College Stats,6-3,200,4.51,39.5,,119,7.09,4.34,Minnesota Vikings / 2nd / 44th pick / 2007
191,2007,Legedu Naanee\NaanLe00,WR,23,14,Boise St.,College Stats,6-2,225,4.41,40.0,19,119,,,San Diego Chargers / 5th / 172nd pick / 2007
192,2007,Robert Meachem\MeacRo00,WR,22,29,Tennessee,College Stats,6-2,214,4.39,37.5,,121,6.97,4.31,New Orleans Saints / 1st / 27th pick / 2007
193,2007,Jordan Kent\KentJo20,WR,22,0,Oregon,College Stats,6-4,217,4.49,,,,,,Seattle Seahawks / 6th / 210th pick / 2007
194,2007,Onrea Jones\JoneOn20,WR,23,0,Kansas St.,,5-11,202,4.42,39.0,,121,7.05,4.28,
195,2007,James Jones\JoneJa04,WR,22,54,San Jose St.,College Stats,6-1,207,4.54,34.0,22,119,7.06,4.20,Green Bay Packers / 3rd / 78th pick / 2007
196,2007,Jacoby Jones\JoneJa03,WR,22,34,Lane (TN),,6-3,210,4.50,34.0,,129,7.03,4.31,Houston Texans / 3rd / 73rd pick / 2007
197,2007,Calvin Johnson\JohnCa00,WR,21,93,Georgia Tech,College Stats,6-5,239,4.35,,,,,,Detroit Lions / 1st / 2nd pick / 2007
198,2007,Dwayne Jarrett\JarrDw00,WR,20,4,USC,College Stats,6-4,219,4.62,,,,,,Carolina Panthers / 2nd / 45th pick / 2007
199,2007,Jonathan Holland\HollJo01,WR,22,1,Louisiana Tech,College Stats,6-0,191,4.45,35.5,15,120,7.12,4.40,Oakland Raiders / 7th / 254th pick / 2007
200,2007,Jason Hill\HillJa00,WR,22,10,Washington St.,College Stats,6-0,204,4.32,37.0,,123,7.02,4.22,San Francisco 49ers / 3rd / 76th pick / 2007